3,Delia,Itzhayek,8977635624,ditzhayek2@yahoo.co.jp,7
4,Yolane,Hadwick,3838120353,yhadwick3@bravesites.com,7
5,Jacinda,Greenless,1577140028,jgreenless4@livejournal.com,7
6,Andi,Lowdiane,2203380799,alowdiane5@twitter.com,7
7,Fifi,Cayley,1802234756,fcayley6@alibaba.com,7
8,Lesly,Hudghton,4254882432,lhudghton7@reverbnation.com,7
9,Yetty,Oglevie,5352223914,yoglevie8@comsenz.com,7
10,Yves,Eick,4872107071,yeick9@amazon.co.uk,7
11,Aurthur,Lismore,2319127194,alismorea@wired.com,7
12,Trudey,Housam,6675529102,thousamb@zimbio.com,7
13,Shannon,Pagden,0036516872,spagdenc@vkontakte.ru,7
14,Bartholomew,Bernolet,4810927334,bbernoletd@google.it,7
15,Jayne,Heavy,9564382629,jheavye@intel.com,7
16,Loleta,Carstairs,5501434512,lcarstairsf@usgs.gov,7
17,Rosemary,Cottom,7244801262,rcottomg@illinois.edu,7
18,Konrad,Loeber,3502895910,kloeberh@surveymonkey.com,7
19,Jacquette,Boatwright,3681799148,jboatwrighti@patch.com,7
20,Elayne,MacMurray,2816797783,emacmurrayj@examiner.com,7
21,Nap,Brackpool,7889765347,nbrackpoolk@naver.com,7
22,Schuyler,MacElholm,8158072771,smacelholml@gizmodo.com,7
23,Clem,Ditt,9469899210,cdittm@addthis.com,7
24,Merrile,Feakins,4473092801,mfeakinsn@a8.net,7
25,Ripley,Melia,5177511553,rmeliao@163.com,7
26,Annecorinne,Pitrelli,0612946150,apitrellip@devhub.com,7
27,Joann,Brimmell,6094010760,jbrimmellq@studiopress.com,7
28,Humfrey,McCullagh,1733795405,hmccullaghr@symantec.com,7
29,Blayne,Bercevelo,6622912564,bbercevelos@toplist.cz,7
30,Marven,Leel,4652738536,mleelt@dailymail.co.uk,7
31,Vance,Whitmore,3899588282,vwhitmoreu@hugedomains.com,7
32,Davy,Trenam,5731264953,dtrenamv@shutterfly.com,7
33,Catrina,Longworth,6633492790,clongworthw@tamu.edu,7
34,Franzen,Viger,3476093859,fvigerx@bloglines.com,7
35,Aviva,Clunie,8924794795,acluniey@wp.com,7
36,Hanna,Durdy,4642640754,hdurdyz@wikipedia.org,7
37,Cash,Rutty,0515189936,crutty10@unc.edu,7
38,Brita,Minto,6056518035,bminto11@nps.gov,7
39,Hillery,Tewelson,4344096738,htewelson12@npr.org,7
40,Victor,Duckhouse,5164857359,vduckhouse13@istockphoto.com,7
41,Tildi,MacGlory,7879701397,tmacglory14@yellowbook.com,7
42,Michell,Paolo,9920186562,mpaolo15@phpbb.com,7
43,Humfrey,Peedell,3219554601,hpeedell16@zdnet.com,7
44,Gratia,Dmitriev,0499215850,gdmitriev17@oakley.com,7
45,Clementina,Ollie,4840954526,collie18@dot.gov,7
46,Guilbert,Abyss,3013030496,gabyss19@sitemeter.com,7
47,Codee,Vampouille,9726447143,cvampouille1a@go.com,7
48,Kara-lynn,Melross,4339863955,kmelross1b@typepad.com,7
49,Georgine,Lammerich,9338473694,glammerich1c@ft.com,7
50,Omar,Rivaland,4690295581,orivaland1d@umn.edu,7
51,Chip,Lloyd-Williams,5706459886,clloydwilliams1e@whitehouse.gov,7
52,Reba,Lewton,7422948221,rlewton1f@twitter.com,7
53,Alfred,Creavin,7158532224,acreavin1g@creativecommons.org,7
54,Danya,Brighouse,3899778294,dbrighouse1h@baidu.com,7
55,Ray,Siene,6088713631,rsiene1i@ibm.com,7
56,Towny,Kaesmakers,6676133326,tkaesmakers1j@g.co,7
57,Carmelle,Enever,6774213839,cenever1k@sakura.ne.jp,7
58,Philip,Aylmer,1117834603,paylmer1l@blogtalkradio.com,7
59,Ignatius,Ponte,7168489844,iponte1m@canalblog.com,7
60,Nydia,Rey,5134785074,nrey1n@sina.com.cn,7
61,Trenton,Rheaume,0366021710,trheaume1o@ocn.ne.jp,7
62,Vonni,Shalloo,4190098604,vshalloo1p@nymag.com,7
63,Brenn,Aldam,5860192037,baldam1q@businessinsider.com,7
64,Jeanine,Nevitt,3019513375,jnevitt1r@bloglovin.com,7
65,Orton,Adhams,1169809723,oadhams1s@csmonitor.com,7
66,Josh,Di Maggio,3352092265,jdimaggio1t@amazon.com,7
67,Cathrine,Andreu,3288719487,candreu1u@skyrock.com,7
68,Arel,Muehle,0117228680,amuehle1v@biglobe.ne.jp,7
69,Tomasina,Jeratt,0101200358,tjeratt1w@scientificamerican.com,7
70,Lethia,Morsom,7467442513,lmorsom1x@ezinearticles.com,7
71,Olva,Scurrah,8963407462,oscurrah1y@cisco.com,7
72,Ward,Guerre,0408154357,wguerre1z@nifty.com,7
73,Elwyn,Huws,1851490493,ehuws20@webs.com,7
74,Adeline,Nusche,9510136654,anusche21@businesswire.com,7
75,Adria,Sarjeant,6824818127,asarjeant22@exblog.jp,7
76,Katrina,Juarez,4694560670,kjuarez23@irs.gov,7
77,Lianna,Bettley,6024393318,lbettley24@flickr.com,7
78,Clarance,Henniger,1992313512,chenniger25@qq.com,7
79,Garrick,Mitskevich,0555497321,gmitskevich26@stanford.edu,7
80,Dulcine,Yanez,9953778094,dyanez27@dmoz.org,7
81,Edee,Pamment,5791981473,epamment28@google.ru,7
82,Ethel,Rispin,5896272782,erispin29@tmall.com,7
83,Joey,Wapples,8099610733,jwapples2a@wunderground.com,7
84,Matty,Siggins,1595084118,msiggins2b@aol.com,7
85,Claretta,Backs,3394368595,cbacks2c@sphinn.com,7
86,Broderick,Melby,2933941708,bmelby2d@uiuc.edu,7
87,Dimitri,Mendonca,9029080019,dmendonca2e@ucoz.ru,7
88,Mariel,Pudan,5022204517,mpudan2f@kickstarter.com,7
89,Chrissy,Dominici,3709765803,cdominici2g@cisco.com,7
90,Derby,Vasyatkin,3177764638,dvasyatkin2h@google.com.hk,7
91,Anetta,Blune,5752991242,ablune2i@narod.ru,7
92,Aeriela,Berrow,2353794556,aberrow2j@yandex.ru,7
93,Mikkel,Knightsbridge,5488107541,mknightsbridge2k@jimdo.com,7
94,Sydelle,Deaves,5880392139,sdeaves2l@google.co.jp,7
95,Violetta,Worcs,7556706850,vworcs2m@wikipedia.org,7
96,Pippo,Redwing,7905847055,predwing2n@baidu.com,7
97,Jourdain,Lamasna,8696521153,jlamasna2o@rambler.ru,7
98,Shannon,Bobasch,2809480087,sbobasch2p@tiny.cc,7
99,Brina,Gregersen,5276596794,bgregersen2q@businessweek.com,7
100,Stormy,Francey,7963342491,sfrancey2r@people.com.cn,7
101,Tuck,Atyeo,8171851258,tatyeo2s@technorati.com,7
102,Annecorinne,Gosalvez,6907747340,agosalvez2t@wired.com,7
103,Gradey,Bridywater,5825246665,gbridywater2u@mapquest.com,7
104,Shay,Vears,1617855634,svears2v@quantcast.com,7
105,Brent,Jukes,2539906419,bjukes2w@comsenz.com,7
106,Bale,Ivashov,5306509339,bivashov2x@prnewswire.com,7
107,Dannie,Maddern,7269681546,dmaddern2y@tinypic.com,7
108,Broderick,Leather,6652655241,bleather2z@fastcompany.com,7
109,Blair,Ashmore,7795789900,bashmore30@opera.com,7
110,Maynord,Robel,4372518242,mrobel31@edublogs.org,7
111,Liana,Jurisic,5864256986,ljurisic32@stumbleupon.com,7
112,Joice,Probey,3020874114,jprobey33@blinklist.com,7
113,Janka,De Filippo,5790397328,jdefilippo34@rakuten.co.jp,7
114,Brewster,Cumberpatch,5952901239,bcumberpatch35@blog.com,7
115,Hakim,Carlozzi,3172861295,hcarlozzi36@whitehouse.gov,7
116,Rubin,Daw,2454599872,rdaw37@typepad.com,7
117,Aleta,Martignon,9854799565,amartignon38@ftc.gov,7
118,Cristal,Gounel,4326400420,cgounel39@chicagotribune.com,7
119,Cayla,Savage,8661713293,csavage3a@deliciousdays.com,7
120,Hollie,Andras,4804529853,handras3b@icq.com,7
121,Patrick,Broscombe,1097979407,pbroscombe3c@spiegel.de,7
122,Benedict,Dauby,5523421502,bdauby3d@umn.edu,7
123,Denni,Grindlay,8026333543,dgrindlay3e@hp.com,7
124,Isadore,Grime,8037511650,igrime3f@cmu.edu,7
125,Yolanda,Hindenberger,4357229685,yhindenberger3g@umn.edu,7
126,Ronnie,Franciottoi,2962539432,rfranciottoi3h@smugmug.com,7
127,Sarah,McKinnell,6111282697,smckinnell3i@etsy.com,7
128,Allyson,Attersoll,5041505454,aattersoll3j@technorati.com,7
129,Lorilyn,Speeks,9555409714,lspeeks3k@cornell.edu,7
130,Daphna,Ponsford,4877196277,dponsford3l@prlog.org,7
131,Rodolphe,MacKellen,0779507096,rmackellen3m@squarespace.com,7
132,Carrol,Strand,9774534859,cstrand3n@furl.net,7
133,Queenie,Rawlings,6649962538,qrawlings3o@geocities.jp,7
134,Hyman,Danielis,5671187400,hdanielis3p@google.com.br,7
135,Nefen,Mortell,6065677264,nmortell3q@dot.gov,7
136,Doy,Dagger,0044234554,ddagger3r@shareasale.com,7
137,Starr,Worthington,3135599817,sworthington3s@ucsd.edu,7
138,Marten,Sutherden,8223990628,msutherden3t@is.gd,7
139,Sarene,Greenalf,4774774367,sgreenalf3u@ustream.tv,7
140,Art,Kilbourn,1635364280,akilbourn3v@miitbeian.gov.cn,7
141,Omar,Tadlow,1830620487,otadlow3w@goo.ne.jp,7
142,Cynde,Prugel,7778711559,cprugel3x@google.com.br,7
143,Wells,Simonds,5434928814,wsimonds3y@ow.ly,7
144,Marabel,Kolis,3554357480,mkolis3z@1688.com,7
145,Keenan,Staker,2192567871,kstaker40@desdev.cn,7
146,Rhianna,Ghidotti,5291224150,rghidotti41@google.nl,7
147,Victoir,Gudd,4408078646,vgudd42@over-blog.com,7
148,Portie,McRonald,0151528675,pmcronald43@ucoz.ru,7
149,Yoshi,Munroe,0257465332,ymunroe44@dell.com,7
150,Atlanta,Mears,7334689100,amears45@jiathis.com,7
151,Wynn,Couche,5575534936,wcouche46@symantec.com,7
152,Othello,Lorentzen,1563986361,olorentzen47@studiopress.com,7
153,Corabel,Shetliff,6541012768,cshetliff48@comcast.net,7
154,Thedrick,Lanning,7807030127,tlanning49@squidoo.com,7
155,Neron,Preshaw,5577408156,npreshaw4a@timesonline.co.uk,7
156,Dennie,Vecard,4265645259,dvecard4b@dot.gov,7
157,Margot,Muffin,1640130268,mmuffin4c@seattletimes.com,7
158,Stanislaw,Hulbert,6856808356,shulbert4d@europa.eu,7
159,Lulita,Spering,0338135138,lspering4e@time.com,7
160,Orran,Shuttleworth,3576975195,oshuttleworth4f@businessweek.com,7
161,Ethelind,Malden,6887564459,emalden4g@japanpost.jp,7
162,Letty,Longworthy,1755907141,llongworthy4h@ftc.gov,7
163,Lenna,Mudle,2121656405,lmudle4i@europa.eu,7
164,Leif,Caurah,5755960623,lcaurah4j@google.ru,7
165,Heather,Chapling,1050078497,hchapling4k@slideshare.net,7
166,Brandy,Battman,1598465082,bbattman4l@hibu.com,7
167,Darell,Andreopolos,5565327857,dandreopolos4m@usgs.gov,7
168,Nikkie,Coker,8384448760,ncoker4n@blogs.com,7
169,Sherie,Derye-Barrett,1118133021,sderyebarrett4o@parallels.com,7
170,Emanuele,Zecchinii,6551205968,ezecchinii4p@symantec.com,7
171,Rod,Millhouse,1172437106,rmillhouse4q@adobe.com,7
172,Adda,Plaskett,4454899088,aplaskett4r@buzzfeed.com,7
173,Ignaz,Bewfield,3858814598,ibewfield4s@blogger.com,7
174,Abbie,Brownlow,6331236856,abrownlow4t@hatena.ne.jp,7
175,Dawn,Dumphy,7537398194,ddumphy4u@fema.gov,7
176,Pierette,Scollan,6439299158,pscollan4v@imgur.com,7
177,Meredith,Romushkin,2704014922,mromushkin4w@vk.com,7
178,Inez,Kerfoot,3094845045,ikerfoot4x@linkedin.com,7
179,Brendin,Ecclesall,5446517342,becclesall4y@sakura.ne.jp,7
180,Merlina,Carvil,8675651481,mcarvil4z@earthlink.net,7
181,Joshuah,Vassano,1088639356,jvassano50@yelp.com,7
182,Gayle,Nelson,3671904305,gnelson51@wordpress.org,7
183,Parke,Steedman,7261228389,psteedman52@marketwatch.com,7
184,Lynelle,Recher,0829891110,lrecher53@psu.edu,7
185,Effie,Boldison,7544958493,eboldison54@deliciousdays.com,7
186,Averyl,Doyland,1204768439,adoyland55@wikispaces.com,7
187,Sigismondo,Paddie,5047028771,spaddie56@live.com,7
188,Alvinia,Ragdale,7315199799,aragdale57@unesco.org,7
189,Shandra,Cosyns,3012493921,scosyns58@joomla.org,7
190,Abbey,Battey,5458480031,abattey59@domainmarket.com,7
191,Perren,Patise,0935311254,ppatise5a@tinyurl.com,7
192,Catlin,Sore,1637873239,csore5b@smugmug.com,7
193,Gustavus,Fryd,5679325322,gfryd5c@ameblo.jp,7
194,Reta,Walduck,0467326118,rwalduck5d@apple.com,7
195,Frederic,Davydochkin,2577447280,fdavydochkin5e@plala.or.jp,7
196,Sorcha,Calcott,1076483887,scalcott5f@eventbrite.com,7
197,Pietra,Belson,9358019425,pbelson5g@narod.ru,7
198,Terrence,Lescop,8249385748,tlescop5h@webmd.com,7
199,Bryce,Parell,5018255986,bparell5i@sohu.com,7
200,Elsi,Ondrasek,9602975806,eondrasek5j@rakuten.co.jp,7
201,Hatti,McKee,6951720010,hmckee5k@mapy.cz,7
202,Sabina,Bonicelli,5225370950,sbonicelli5l@hud.gov,7
203,Fidelia,Pittson,3448561207,fpittson5m@facebook.com,7
204,Bradford,Dodds,5809155979,bdodds5n@comcast.net,7
205,Celka,Czajkowski,1587128306,cczajkowski5o@howstuffworks.com,7
206,Helli,Milksop,2857682034,hmilksop5p@engadget.com,7
207,Arnold,Elland,4863725752,aelland5q@taobao.com,7
208,Merry,Guillou,4995998764,mguillou5r@state.tx.us,7
209,Liliane,Murtell,6119442618,lmurtell5s@vimeo.com,7
210,Arlana,Geake,7666328249,ageake5t@sciencedaily.com,7
211,Kippy,Kerwen,8609944166,kkerwen5u@flickr.com,7
212,Bill,Wilmut,0008978034,bwilmut5v@deliciousdays.com,7
213,Karlan,Busk,2295684234,kbusk5w@vimeo.com,7
214,Cordey,Shinefield,2974457282,cshinefield5x@europa.eu,7
215,Shelton,Wholesworth,2399348826,swholesworth5y@qq.com,7
216,Jessica,Deaconson,7491880800,jdeaconson5z@unicef.org,7
217,Mona,Dixon,3283758174,mdixon60@dagondesign.com,7
218,Nicolette,Harrinson,2246482275,nharrinson61@pen.io,7
219,Cayla,Halliburton,2899911430,challiburton62@instagram.com,7
220,Kameko,Simyson,0132088037,ksimyson63@eepurl.com,7
221,Gamaliel,Grissett,1290040532,ggrissett64@nsw.gov.au,7
222,Moise,Allum,5393191677,mallum65@sciencedaily.com,7
223,Patricio,Zmitrovich,6436314296,pzmitrovich66@topsy.com,7
224,Tybie,Dakhno,9453493678,tdakhno67@nyu.edu,7
225,Don,Sawdy,7329033227,dsawdy68@vk.com,7
226,Marc,Ciobotaru,9526219244,mciobotaru69@army.mil,7
227,Anica,Topling,8473458109,atopling6a@cisco.com,7
228,Brittan,Screach,1296700070,bscreach6b@jalbum.net,7
229,Beilul,Bertolaccini,2859205780,bbertolaccini6c@ameblo.jp,7
230,Chevy,Keenlyside,4742211448,ckeenlyside6d@dedecms.com,7
231,Tris,Nettleship,7651216318,tnettleship6e@ftc.gov,7
232,Garvey,Robel,4683580268,grobel6f@aol.com,7
233,Early,Isakowicz,1618402978,eisakowicz6g@baidu.com,7
234,Isidor,Raithmill,9789807732,iraithmill6h@angelfire.com,7
235,Sianna,Gammack,2652368036,sgammack6i@angelfire.com,7
236,Stefa,Hardin,6283527698,shardin6j@netlog.com,7
237,Aubrey,Bouldon,9738011809,abouldon6k@bloglovin.com,7
238,Berrie,Fulun,1077083149,bfulun6l@geocities.com,7
239,Isabel,Rishworth,3965534106,irishworth6m@ycombinator.com,7
240,Dewie,Garretson,3403736628,dgarretson6n@springer.com,7
241,Heywood,Lamberth,5472879299,hlamberth6o@scientificamerican.com,7
242,Harmon,Hartgill,5125384763,hhartgill6p@elpais.com,7
243,Cammi,Ivory,8138815868,civory6q@1688.com,7
244,Bartholomeo,Poulett,2161672304,bpoulett6r@digg.com,7
245,Francis,Stepto,5666609343,fstepto6s@naver.com,7
246,Dietrich,Kirman,8125151486,dkirman6t@microsoft.com,7
247,Sephira,Causer,3223496947,scauser6u@acquirethisname.com,7
248,Sol,Struttman,1087364973,sstruttman6v@si.edu,7
249,Myca,Stockhill,4388619469,mstockhill6w@yahoo.com,7
250,Calla,Caselli,4336848483,ccaselli6x@rakuten.co.jp,7
251,Amye,Biever,8577355470,abiever6y@hexun.com,7
252,Caspar,Sloss,1895757673,csloss6z@wired.com,7
253,Herc,Kramer,3016082942,hkramer70@illinois.edu,7
254,Cyndia,Bulcock,8827135847,cbulcock71@dailymotion.com,7
255,Evelin,Rapaport,9417290606,erapaport72@bravesites.com,7
256,Tallou,Coldicott,8604262857,tcoldicott73@wisc.edu,7
257,Emalee,Rozalski,0457555734,erozalski74@dailymotion.com,7
258,Nikkie,McFater,9577346626,nmcfater75@china.com.cn,7
259,Woodie,Boor,4392516520,wboor76@boston.com,7
260,Bertram,Chatel,9164069877,bchatel77@amazon.de,7
261,Arden,Skeels,6830033144,askeels78@virginia.edu,7
262,Bancroft,Beautyman,8888938869,bbeautyman79@ucoz.com,7
263,Yale,Woolpert,8597903643,ywoolpert7a@bloglines.com,7
264,Umeko,Kibbe,0904987639,ukibbe7b@scribd.com,7
265,Pierette,Gallaher,7040076578,pgallaher7c@icio.us,7
266,Lewes,Carlick,5679133504,lcarlick7d@google.co.uk,7
267,Sloan,Fisbey,2820577164,sfisbey7e@i2i.jp,7
268,Kristy,Daville,7959824878,kdaville7f@cnn.com,7
269,Zaccaria,Stigger,1089979223,zstigger7g@usnews.com,7
270,Ange,Rycraft,0802516777,arycraft7h@de.vu,7
271,Doralin,Carrell,2576182232,dcarrell7i@vinaora.com,7
272,Addy,Lydon,0038151227,alydon7j@fc2.com,7
273,Udale,Stuehmeier,0009861246,ustuehmeier7k@moonfruit.com,7
274,Nero,Eady,2514841739,neady7l@examiner.com,7
275,Caitlin,Burkert,8035522841,cburkert7m@mayoclinic.com,7
276,Johny,Dabbes,7402384047,jdabbes7n@vistaprint.com,7
277,Alma,Thurber,5387817047,athurber7o@house.gov,7
278,Filberto,Laxson,5468214385,flaxson7p@wordpress.org,7
279,Tyrone,Lebbern,6773453186,tlebbern7q@dedecms.com,7
280,Pearl,Vann,1332339239,pvann7r@mlb.com,7
281,Gray,Teager,8693757687,gteager7s@amazonaws.com,7
282,Honey,Trunkfield,1241306850,htrunkfield7t@army.mil,7
283,Morgun,Armiger,4298225364,marmiger7u@discuz.net,7
284,Barthel,Rosellini,1264859112,brosellini7v@163.com,7
285,Elonore,Dunsmore,3248539496,edunsmore7w@opensource.org,7
286,Carey,Burris,4081908591,cburris7x@admin.ch,7
287,Leodora,Stainburn,5945794732,lstainburn7y@hao123.com,7
288,Virginie,Cholonin,7578780131,vcholonin7z@bravesites.com,7
289,Beth,Busher,1932901213,bbusher80@google.com,7
290,Elmer,Foffano,8575991655,efoffano81@usgs.gov,7
291,Kinsley,Attwool,7522131731,kattwool82@csmonitor.com,7
292,Kendra,Barradell,2501118790,kbarradell83@bigcartel.com,7
293,Marijo,Nealy,1572405651,mnealy84@bizjournals.com,7
294,Xylina,Kilbee,6913405820,xkilbee85@tripod.com,7
295,Berta,Jennick,8832456680,bjennick86@is.gd,7
296,Rubetta,Smyth,2302865642,rsmyth87@about.com,7
297,Phillipe,MacGilfoyle,0825753937,pmacgilfoyle88@ebay.co.uk,7
298,Cornelius,Merrydew,9544784845,cmerrydew89@thetimes.co.uk,7
299,Norton,Cleobury,2026860149,ncleobury8a@intel.com,7
300,Berk,Fyndon,6392186301,bfyndon8b@businesswire.com,7
301,Corney,Jeste,4315060208,cjeste8c@google.nl,7
302,Dru,Balogun,1694289389,dbalogun8d@wikipedia.org,7
303,Myrilla,Tittershill,0265024498,mtittershill8e@cbc.ca,7
304,Clayton,Costanza,9870629040,ccostanza8f@ow.ly,7
305,Urbano,Abela,9118915809,uabela8g@nationalgeographic.com,7
306,Vin,Chaffen,3374825133,vchaffen8h@apple.com,7
307,Lela,Angrock,1130687473,langrock8i@dailymotion.com,7
308,Angeline,Gianninotti,0360068634,agianninotti8j@bbb.org,7
309,Garnet,McPheat,2392699216,gmcpheat8k@facebook.com,7
310,Tedra,Foxton,5083569833,tfoxton8l@hao123.com,7
311,Ella,Coop,3563412111,ecoop8m@yandex.ru,7
312,Anneliese,Avison,8636460387,aavison8n@com.com,7
313,Bogart,Kubis,3811429604,bkubis8o@epa.gov,7
314,Karisa,Record,5374981498,krecord8p@wikimedia.org,7
315,Stefan,Bowling,2234094488,sbowling8q@topsy.com,7
316,Sinclair,Le Brom,9337063670,slebrom8r@hc360.com,7
317,Dallon,Poxson,0038034700,dpoxson8s@addtoany.com,7
318,Caresse,Leyland,9559029614,cleyland8t@jugem.jp,7
319,Esdras,Smeeton,8385511717,esmeeton8u@un.org,7
320,Jon,Roberds,0143073729,jroberds8v@i2i.jp,7
321,Harper,Gilkes,4978677491,hgilkes8w@cbc.ca,7
322,Leena,Di Carlo,0020724845,ldicarlo8x@dion.ne.jp,7
323,Meredithe,Lyven,7902413909,mlyven8y@nba.com,7
324,Remus,Joslin,5826250682,rjoslin8z@ed.gov,7
325,Laraine,Radbourne,4978514169,lradbourne90@bloomberg.com,7
326,Dennie,Diggens,4932511523,ddiggens91@usatoday.com,7
327,Elaine,Hazelden,0759135444,ehazelden92@examiner.com,7
328,Davie,Street,5770717742,dstreet93@google.it,7
329,Patrizia,McGarahan,9910445913,pmcgarahan94@typepad.com,7
330,Adriena,Point,8685593093,apoint95@cyberchimps.com,7
331,Retha,Assiter,9335559059,rassiter96@1und1.de,7
332,Aili,Sirett,1124354751,asirett97@zdnet.com,7
333,Lorraine,Dobbs,4426640342,ldobbs98@i2i.jp,7
334,Devi,Hizir,1296696650,dhizir99@php.net,7
335,Dee,Stickford,0446880655,dstickford9a@ed.gov,7
336,Netty,Lebell,2112594184,nlebell9b@who.int,7
337,Susannah,Tebbutt,7335980585,stebbutt9c@simplemachines.org,7
338,Hynda,Baldazzi,1547893508,hbaldazzi9d@ustream.tv,7
339,Meggi,enzley,7429727697,menzley9e@alexa.com,7
340,Bobbette,MacGaughie,1517235197,bmacgaughie9f@dailymotion.com,7
341,Darcee,Friese,8843335251,dfriese9g@miitbeian.gov.cn,7
342,Gareth,Grishunin,9310116501,ggrishunin9h@statcounter.com,7
343,Candida,Headland,3097359818,cheadland9i@com.com,7
344,Tiertza,Houlden,4804760555,thoulden9j@vinaora.com,7
345,Luella,Gillimgham,9276592385,lgillimgham9k@shinystat.com,7
346,Celinda,Wahner,2050289553,cwahner9l@xinhuanet.com,7
347,Rodney,O'Neill,6798069037,roneill9m@sourceforge.net,7
348,Pincus,Ninnotti,2626803065,pninnotti9n@dot.gov,7
349,Gherardo,Naire,5060744000,gnaire9o@fc2.com,7
350,Jess,Logsdale,6399142288,jlogsdale9p@state.gov,7
351,Heindrick,Guerrier,9926706355,hguerrier9q@telegraph.co.uk,7
352,Montgomery,Ouldcott,3468371527,mouldcott9r@sourceforge.net,7
353,Moise,Montel,4457774111,mmontel9s@webeden.co.uk,7
354,Kesley,Jevons,0968326420,kjevons9t@hatena.ne.jp,7
355,Joela,Teck,0735984034,jteck9u@livejournal.com,7
356,Conn,Gascoyen,3185606647,cgascoyen9v@github.com,7
357,Mae,Jencken,5674297029,mjencken9w@businessinsider.com,7
358,Devi,St Ange,6959251435,dstange9x@friendfeed.com,7
359,Hermy,Lace,6310562568,hlace9y@mlb.com,7
360,Kellen,Mapholm,2126477223,kmapholm9z@fda.gov,7
361,Natalee,Sings,5441492767,nsingsa0@people.com.cn,7
362,Sanson,Lumbers,8719545630,slumbersa1@earthlink.net,7
363,Cristina,Minnette,9149105957,cminnettea2@google.de,7
364,Nikaniki,Craghead,4242831277,ncragheada3@youku.com,7
365,Art,Cudworth,0718697219,acudwortha4@zimbio.com,7
366,Ailbert,Jumont,5675255834,ajumonta5@theglobeandmail.com,7
367,Earl,Winslet,9887847216,ewinsleta6@digg.com,7
368,Kay,Charlesworth,2678205525,kcharleswortha7@apache.org,7
369,Matias,Tregensoe,5435131685,mtregensoea8@g.co,7
370,Ignacius,Dommersen,0689036051,idommersena9@mtv.com,7
371,Livvy,Liptrot,7410103574,lliptrotaa@chron.com,7
372,Oralee,Saunier,9339924630,osaunierab@aboutads.info,7
373,Lavinie,Mikalski,7799602694,lmikalskiac@smh.com.au,7
374,Diarmid,St. John,8093813888,dstjohnad@devhub.com,7
375,Fancie,Margerrison,7844539615,fmargerrisonae@alibaba.com,7
376,Jorry,Vasyunkin,2114964256,jvasyunkinaf@microsoft.com,7
377,Mireielle,Livsey,6645947712,mlivseyag@globo.com,7
378,Elene,Ferriman,9124114367,eferrimanah@sina.com.cn,7
379,Stephen,Humpatch,5300642460,shumpatchai@washington.edu,7
380,Garvy,Wearden,3714355251,gweardenaj@domainmarket.com,7
381,Barnard,Bishell,0265377099,bbishellak@mac.com,7
382,Theodor,Bryenton,8430010017,tbryentonal@china.com.cn,7
383,Thorstein,Hooke,2252391189,thookeam@wsj.com,7
384,Franciskus,Eginton,3385609003,fegintonan@360.cn,7
385,Benita,Bramble,7742978776,bbrambleao@yolasite.com,7
386,Sergei,Dawtry,4239882435,sdawtryap@tripadvisor.com,7
387,Elaine,Leathley,4700034920,eleathleyaq@jimdo.com,7
388,Nancy,Yuryichev,8708300283,nyuryichevar@aol.com,7
389,Mattias,Ritchings,9836474110,mritchingsas@europa.eu,7
390,Jerald,Karim,0395223539,jkarimat@edublogs.org,7
391,Doreen,Prichet,5369927200,dprichetau@photobucket.com,7
392,Wat,Gaitskill,8198863737,wgaitskillav@nationalgeographic.com,7
393,Richie,Anlay,6055985705,ranlayaw@dell.com,7
394,Terencio,Flag,5355392512,tflagax@last.fm,7
395,Sylvia,Cuckoo,9757251550,scuckooay@tripod.com,7
396,Kasper,Zanuciolii,6998655649,kzanucioliiaz@photobucket.com,7
397,Ingar,Colgrave,6647214836,icolgraveb0@amazon.co.uk,7
398,Marillin,Wilde,8366004945,mwildeb1@desdev.cn,7
399,Stafford,Anstie,6030899546,sanstieb2@themeforest.net,7
400,Bibbie,Wyatt,8334785097,bwyattb3@fotki.com,7
401,Jeffrey,Schimek,3891808771,jschimekb4@tripod.com,7
402,Esme,Sloy,9444350258,esloyb5@google.cn,7
403,Seth,Cottie,4925709224,scottieb6@wix.com,7
404,Valentin,Domeny,7193540335,vdomenyb7@google.ca,7
405,Julee,McGarrie,2127958314,jmcgarrieb8@google.com,7
406,Elly,Kenneford,7724825017,ekennefordb9@google.cn,7
407,Dell,Salleir,8079911193,dsalleirba@123-reg.co.uk,7
408,Johannes,Oleksiak,3575093091,joleksiakbb@pbs.org,7
409,Daphene,Ridolfi,7623481975,dridolfibc@about.com,7
410,Paquito,Klimaszewski,5429174742,pklimaszewskibd@mayoclinic.com,7
411,Edita,Roggerone,9327774922,eroggeronebe@shop-pro.jp,7
412,Dominique,Vasiltsov,7178265426,dvasiltsovbf@wikispaces.com,7
413,Josie,Colombier,8630323205,jcolombierbg@nyu.edu,7
414,Hort,Pursehouse,6566779949,hpursehousebh@google.com.br,7
415,Mary,Gathercoal,0413948609,mgathercoalbi@webs.com,7
416,Coraline,Elrick,5217067829,celrickbj@ocn.ne.jp,7
417,Glory,Van Bruggen,0036252085,gvanbruggenbk@pinterest.com,7
418,Bing,Domel,4553482150,bdomelbl@foxnews.com,7
419,Ade,Butcher,5211860896,abutcherbm@lycos.com,7
420,Cristy,MacShirie,2538914116,cmacshiriebn@histats.com,7
421,Aylmer,Spurrier,6045807464,aspurrierbo@nytimes.com,7
422,Alaine,Sawers,5001504570,asawersbp@goodreads.com,7
423,Munmro,Syms,0956785964,msymsbq@ox.ac.uk,7
424,Avictor,Cowderay,2138281248,acowderaybr@mapquest.com,7
425,Betty,Swanger,8264035663,bswangerbs@cam.ac.uk,7
426,Mitchael,Bedlington,6592119926,mbedlingtonbt@un.org,7
427,Lionel,Crispe,6347104105,lcrispebu@state.gov,7
428,Dale,Jakubovics,5821304326,djakubovicsbv@upenn.edu,7
429,Talbot,Yetts,4629048812,tyettsbw@mit.edu,7
430,Luise,Exer,1766638732,lexerbx@rambler.ru,7
431,Gifford,Blackburne,4555493079,gblackburneby@rakuten.co.jp,7
432,Dosi,Gammack,6053322393,dgammackbz@ox.ac.uk,7
433,Sharon,Blondin,1591381711,sblondinc0@oracle.com,7
434,Hadlee,Hucke,1816113778,hhuckec1@wikia.com,7
435,Amos,Damsell,9161467308,adamsellc2@51.la,7
436,Lily,Haysey,4522337620,lhayseyc3@ucsd.edu,7
437,Brigid,Hellings,2562340558,bhellingsc4@topsy.com,7
438,Jelene,Peplow,7975961566,jpeplowc5@studiopress.com,7
439,Isidro,Delmage,5883191010,idelmagec6@columbia.edu,7
440,Whitaker,Saggs,3242290410,wsaggsc7@tinypic.com,7
441,Aryn,Troak,4430415676,atroakc8@hp.com,7
442,Onfroi,Szymanek,0876037430,oszymanekc9@ifeng.com,7
443,Ursulina,Wiltshear,8179589412,uwiltshearca@sina.com.cn,7
444,Tristam,Duncklee,6950496214,tdunckleecb@nps.gov,7
445,Guss,Camelli,4065532159,gcamellicc@wunderground.com,7
446,Jeff,Costi,1519758685,jcosticd@oracle.com,7
447,Claudia,Critch,1298045495,ccritchce@google.com.au,7
448,Tory,O'Moylan,6709425428,tomoylancf@51.la,7
449,Tracey,Betjeman,4678556532,tbetjemancg@1und1.de,7
450,Felike,Bamell,1183792727,fbamellch@eventbrite.com,7
451,Bay,Dursley,2031488279,bdursleyci@ebay.com,7
452,Stanly,Ratt,9241254572,srattcj@drupal.org,7
453,Olenka,O'Crowley,7509465885,oocrowleyck@dell.com,7
454,Saloma,Luetkemeyer,3291885554,sluetkemeyercl@cafepress.com,7
455,Quincey,McCurlye,8531135907,qmccurlyecm@chronoengine.com,7
456,Worthington,Pideon,4158966809,wpideoncn@msn.com,7
457,Hamish,Devaney,3810012939,hdevaneyco@pagesperso-orange.fr,7
458,Reinaldo,Ledson,5026523501,rledsoncp@xing.com,7
459,Carena,Kilpatrick,8360482934,ckilpatrickcq@indiegogo.com,7
460,Rahel,Melby,0985566191,rmelbycr@upenn.edu,7
461,Jayne,Yeowell,6146545481,jyeowellcs@digg.com,7
462,Jewell,Isgate,6180692904,jisgatect@yelp.com,7
463,Tressa,Hubberstey,9805206106,thubbersteycu@wunderground.com,7
464,Filippa,Luton,7143590754,flutoncv@sbwire.com,7
465,Maximilian,Bouts,5069755285,mboutscw@dagondesign.com,7
466,Kameko,Ludee,6145054182,kludeecx@squarespace.com,7
467,Dilly,Strelitz,1065520875,dstrelitzcy@netvibes.com,7
468,Hendrika,Elnaugh,9150419331,helnaughcz@google.ru,7
469,Andrei,Wotton,7513511373,awottond0@jigsy.com,7
470,Marge,Plak,3564220607,mplakd1@lycos.com,7
471,Kira,Loghan,3285828307,kloghand2@microsoft.com,7
472,Sandie,Giggie,2603637282,sgiggied3@apache.org,7
473,Hermann,Haddinton,7713997857,hhaddintond4@ca.gov,7
474,Sonnie,Veivers,9095903451,sveiversd5@cocolog-nifty.com,7
475,Genia,McTerlagh,9546952710,gmcterlaghd6@typepad.com,7
476,Rubia,Leppingwell,7517646729,rleppingwelld7@bloomberg.com,7
477,Arabel,Mylchreest,2175211266,amylchreestd8@amazon.co.uk,7
478,Penrod,McRannell,6093683842,pmcrannelld9@simplemachines.org,7
479,Clea,Kubatsch,4669181106,ckubatschda@dmoz.org,7
480,Angela,Springall,6234850111,aspringalldb@princeton.edu,7
481,Miller,Luppitt,2871734232,mluppittdc@ucsd.edu,7
482,Sharron,Rafferty,1009832433,sraffertydd@sciencedaily.com,7
483,Chastity,Tippin,7818330887,ctippinde@squarespace.com,7
484,Blancha,Tiernan,3732876195,btiernandf@google.nl,7
485,Sayres,Ogborn,0335915353,sogborndg@blogspot.com,7
486,Tobit,Cowern,5384461772,tcowerndh@slashdot.org,7
487,Filippo,Giacomucci,5498810512,fgiacomuccidi@wisc.edu,7
488,Cross,Obispo,1784250325,cobispodj@4shared.com,7
489,Othilie,McIlhone,0449375293,omcilhonedk@census.gov,7
490,Anne-corinne,Rioch,4167806916,ariochdl@census.gov,7
491,Bethina,Vicary,1981048731,bvicarydm@cloudflare.com,7
492,Cristabel,Pettiward,4332878914,cpettiwarddn@chicagotribune.com,7
493,Patty,Ellerbeck,3393140221,pellerbeckdo@engadget.com,7
494,Josias,Brodeur,6083233526,jbrodeurdp@archive.org,7
495,Bradly,Delafoy,2812390204,bdelafoydq@usgs.gov,7
496,Haywood,Phizakarley,6299606703,hphizakarleydr@purevolume.com,7
497,Iolande,Caulkett,6714393032,icaulkettds@dailymotion.com,7
498,Malcolm,Castles,9870598560,mcastlesdt@seesaa.net,7
499,Laina,Dooley,4750701254,ldooleydu@loc.gov,7
500,Johnathon,Fell,8933846697,jfelldv@ow.ly,7
501,Deane,MacKereth,7689140246,dmackerethdw@scribd.com,7
502,Kare,Prigg,7132513214,kpriggdx@bbc.co.uk,7
503,Tabby,McAulay,0497598205,tmcaulaydy@bloglovin.com,7
504,Nelle,Kean,0343556545,nkeandz@engadget.com,7
505,Omero,Mattiussi,8208914738,omattiussie0@wufoo.com,7
506,Antonino,Lashmar,0915852780,alashmare1@w3.org,7
507,Vincent,Oxberry,9434956293,voxberrye2@issuu.com,7
508,Vanna,Cromack,8264466303,vcromacke3@mozilla.com,7
509,Jayme,Jermy,6484604800,jjermye4@mail.ru,7
510,Paulie,Cayle,3004748193,pcaylee5@hibu.com,7
511,Cordula,Hann,0301799067,channe6@eventbrite.com,7
512,Drucy,Mardy,1846230675,dmardye7@yahoo.co.jp,7
513,Alvera,Reilinger,3543480030,areilingere8@biglobe.ne.jp,7
514,Lorraine,Parmby,1283288095,lparmbye9@scientificamerican.com,7
515,Dennie,Corona,0504619349,dcoronaea@newyorker.com,7
516,Bevan,Lillow,9937847001,blilloweb@amazon.co.jp,7
517,Emera,Westoll,0354621890,ewestollec@youku.com,7
518,Winnifred,Shevels,8094036257,wshevelsed@edublogs.org,7
519,Karoline,Ruppeli,1401462928,kruppeliee@about.com,7
520,Jillana,Bovis,1096278162,jbovisef@storify.com,7
521,Bethena,Tolomelli,9176637751,btolomellieg@noaa.gov,7
522,Tobi,Twentyman,6381874945,ttwentymaneh@google.ca,7
523,Georgetta,Kenforth,1767868979,gkenforthei@hibu.com,7
524,Cristine,Vannet,4038017990,cvannetej@mac.com,7
525,Henka,Rome,6414732591,hromeek@loc.gov,7
526,Sayers,Plaxton,3127607539,splaxtonel@dagondesign.com,7
527,Tiffy,Cragell,3986763023,tcragellem@slate.com,7
528,Shane,Treacher,3080760557,streacheren@gizmodo.com,7
529,Korrie,Erley,5324001384,kerleyeo@soup.io,7
530,Ami,Power,2899605305,apowerep@yelp.com,7
531,Clementina,Giffaut,0149936893,cgiffauteq@china.com.cn,7
532,Marguerite,January,1751821617,mjanuaryer@squarespace.com,7
533,Sibeal,Udie,1499843399,sudiees@independent.co.uk,7
534,Heda,Labet,1641239190,hlabetet@cisco.com,7
535,Kaleb,GiacobbiniJacob,6623720642,kgiacobbinijacobeu@si.edu,7
536,Gilbert,Lewinton,4865344055,glewintonev@scientificamerican.com,7
537,Shaylynn,Fust,0426168372,sfustew@wp.com,7
538,Norby,Gabby,4257827483,ngabbyex@marketwatch.com,7
539,Brandi,Segebrecht,9745268909,bsegebrechtey@tumblr.com,7
540,Claiborn,Lorkins,1172437076,clorkinsez@bluehost.com,7
541,Dennis,MacRitchie,3856696946,dmacritchief0@pagesperso-orange.fr,7
542,Gilbertina,Billing,3152933789,gbillingf1@sogou.com,7
543,Dolli,Adamiec,8521683103,dadamiecf2@kickstarter.com,7
544,Herta,Curneen,3442697506,hcurneenf3@si.edu,7
545,Margarita,Ibbett,9099233582,mibbettf4@va.gov,7
546,Arabelle,Manclark,1080146849,amanclarkf5@shareasale.com,7
547,Adriaens,Deeprose,1201920965,adeeprosef6@buzzfeed.com,7
548,Adelheid,Moroney,7781348818,amoroneyf7@examiner.com,7
549,Carree,Lockyer,2303735386,clockyerf8@over-blog.com,7
550,Daisie,Twentyman,2711760863,dtwentymanf9@goodreads.com,7
551,Quentin,Basezzi,5567922477,qbasezzifa@indiatimes.com,7
552,Natty,Cabane,0141036613,ncabanefb@state.tx.us,7
553,Eydie,Iiannone,9344463557,eiiannonefc@japanpost.jp,7
554,Mellisent,McGrowther,7409176865,mmcgrowtherfd@tamu.edu,7
555,Madelaine,Figura,7471420243,mfigurafe@hexun.com,7
556,Kalil,Abrahamowitcz,8178313464,kabrahamowitczff@telegraph.co.uk,7
557,Edythe,Jedryka,6046369908,ejedrykafg@shop-pro.jp,7
558,Dave,Cordero,7312600506,dcorderofh@patch.com,7
559,Benito,Hayller,3450582585,bhayllerfi@indiegogo.com,7
560,Ayn,Jancic,0737166215,ajancicfj@flavors.me,7
561,Harmonie,Weiner,6210294014,hweinerfk@prlog.org,7
562,Boothe,Ewins,8894111652,bewinsfl@japanpost.jp,7
563,Bronny,Connechy,6398339606,bconnechyfm@yelp.com,7
564,Grenville,Houndsom,2107482594,ghoundsomfn@creativecommons.org,7
565,Starla,Sissons,7759829256,ssissonsfo@amazon.co.uk,7
566,Shantee,Rodden,5842203251,sroddenfp@samsung.com,7
567,Sheila-kathryn,Petrovykh,0221237097,spetrovykhfq@google.cn,7
568,Joe,Dymidowski,0181811030,jdymidowskifr@indiatimes.com,7
569,Omar,Wixon,4762705535,owixonfs@xrea.com,7
570,Janene,Enoch,3597789080,jenochft@elegantthemes.com,7
571,Gunar,Cranefield,6052375817,gcranefieldfu@indiegogo.com,7
572,Neal,Slucock,9070867141,nslucockfv@sphinn.com,7
573,Melania,Deverall,1709605898,mdeverallfw@is.gd,7
574,Christyna,Timbridge,4647677583,ctimbridgefx@theatlantic.com,7
575,Chelsea,Burfield,7358105818,cburfieldfy@cyberchimps.com,7
576,Jennine,Vernay,5507109060,jvernayfz@weather.com,7
577,Ronny,Bason,3166586679,rbasong0@sakura.ne.jp,7
578,Killy,Currie,1547348410,kcurrieg1@etsy.com,7
579,Mechelle,Kettlestringes,9283173562,mkettlestringesg2@amazon.co.jp,7
580,Sunshine,Devenny,9847182922,sdevennyg3@nationalgeographic.com,7
581,Gunther,Shillabear,1043320563,gshillabearg4@desdev.cn,7
582,Zaccaria,O'Sheerin,2875140957,zosheering5@army.mil,7
583,Quillan,Pentelow,1617424374,qpentelowg6@amazon.de,7
584,Addison,Catlin,1788964799,acatling7@icq.com,7
585,Martita,Gibbons,2951236921,mgibbonsg8@google.co.jp,7
586,Kayley,St. Quentin,3845271981,kstquenting9@discuz.net,7
587,Veriee,Spera,6681583059,vsperaga@soundcloud.com,7
588,Sam,Briand,2642031233,sbriandgb@vinaora.com,7
589,Barbaraanne,Wyvill,7450270943,bwyvillgc@nps.gov,7
590,Velvet,Littrell,2520939524,vlittrellgd@google.ru,7
591,Mariejeanne,Money,4568320445,mmoneyge@chron.com,7
592,Nananne,Bolin,4605563490,nbolingf@google.ru,7
593,Viole,Reinard,4995320032,vreinardgg@epa.gov,7
594,Stacia,Gawith,3758875587,sgawithgh@delicious.com,7
595,Bjorn,Cogzell,7410596767,bcogzellgi@spotify.com,7
596,Conrade,Reignolds,3840869390,creignoldsgj@tamu.edu,7
597,Pepe,Key,0493552367,pkeygk@weebly.com,7
598,Damaris,Frossell,3019299268,dfrossellgl@clickbank.net,7
599,Diarmid,Dyka,1707218307,ddykagm@columbia.edu,7
600,Markos,Loakes,9073573432,mloakesgn@jimdo.com,7
601,Amy,Rogan,9672571909,arogango@senate.gov,7
602,Hal,Lilbourne,7310455738,hlilbournegp@kickstarter.com,7
603,Caria,Collington,9202055750,ccollingtongq@jalbum.net,7
604,Cale,Harlowe,4933172285,charlowegr@salon.com,7
605,Wakefield,Stuckes,9456161099,wstuckesgs@edublogs.org,7
606,Portia,Denty,8457741039,pdentygt@prlog.org,7
607,Pierson,Grigoryov,3739138742,pgrigoryovgu@bluehost.com,7
608,Anderea,Tunnicliffe,6978534293,atunnicliffegv@engadget.com,7
609,Cornela,Yockney,9369130101,cyockneygw@stanford.edu,7
610,Gustaf,Rylett,1312483016,grylettgx@forbes.com,7
611,Daphne,Larkkem,2338468848,dlarkkemgy@deviantart.com,7
612,Antonietta,Fassman,6641332306,afassmangz@scientificamerican.com,7
613,Ashleigh,Gentiry,2049326211,agentiryh0@guardian.co.uk,7
614,Danica,Pren,3389198857,dprenh1@geocities.jp,7
615,Pernell,Hamner,8820541246,phamnerh2@thetimes.co.uk,7
616,Ad,Ruddlesden,0632982195,aruddlesdenh3@blogtalkradio.com,7
617,Aurelie,Lapree,9724992888,alapreeh4@cocolog-nifty.com,7
618,Sonnie,Muscat,6527752873,smuscath5@cloudflare.com,7
619,Lita,Tape,5075416365,ltapeh6@rakuten.co.jp,7
620,Bryana,Kowalik,0755914848,bkowalikh7@com.com,7
621,Boote,Raywood,0996397159,braywoodh8@senate.gov,7
622,Suzy,Heersema,0284772216,sheersemah9@paypal.com,7
623,Penny,Pacheco,0769962025,ppachecoha@jalbum.net,7
624,Karolina,Pettett,8437630185,kpettetthb@posterous.com,7
625,Cyrus,Halworth,4139914297,chalworthhc@stumbleupon.com,7
626,Ninette,Treadgall,6754674016,ntreadgallhd@omniture.com,7
627,Reider,Lamplough,0479304270,rlamploughhe@pinterest.com,7
628,Hilary,Bedlington,6518714565,hbedlingtonhf@hao123.com,7
629,Dana,Emmet,3172881709,demmethg@reverbnation.com,7
630,Syd,Selliman,4661969960,ssellimanhh@smh.com.au,7
631,Padriac,Overstreet,9712483045,poverstreethi@a8.net,7
632,Davy,Bartot,3213304654,dbartothj@bizjournals.com,7
633,Jaye,Gyngyll,3064123696,jgyngyllhk@fastcompany.com,7
634,Leanora,Riall,0201199408,lriallhl@chron.com,7
635,Ali,Porker,2215850434,aporkerhm@foxnews.com,7
636,Lynne,Mingaye,9850440074,lmingayehn@engadget.com,7
637,Melinda,Meech,6930692999,mmeechho@businessinsider.com,7
638,Corie,D'Ugo,8026688996,cdugohp@msu.edu,7
639,Jamal,Kirton,2894114605,jkirtonhq@biblegateway.com,7
640,Margaux,Rumens,6936256759,mrumenshr@oracle.com,7
641,Ana,Bough,7810324748,aboughhs@csmonitor.com,7
642,Tresa,Fairchild,0048494119,tfairchildht@home.pl,7
643,Anstice,Scutter,9961841484,ascutterhu@microsoft.com,7
644,Dion,Stoffersen,9482904257,dstoffersenhv@uol.com.br,7
645,Erica,Pitcaithley,1253775958,epitcaithleyhw@sogou.com,7
646,Sargent,Langlais,7629446144,slanglaishx@shareasale.com,7
647,Rafaellle,Bode,1497818532,rbodehy@macromedia.com,7
648,Markos,Durber,9242396281,mdurberhz@marketwatch.com,7
649,Hirsch,Emeney,0145839214,hemeneyi0@moonfruit.com,7
650,Cymbre,McKilroe,1788972171,cmckilroei1@spiegel.de,7
651,Wynn,Camerati,7104284699,wcameratii2@youtube.com,7
652,Brad,Brasher,6004673781,bbrasheri3@vk.com,7
653,Yelena,Cashin,8035612751,ycashini4@cdc.gov,7
654,Vivian,Brownsey,7045253907,vbrownseyi5@google.com.au,7
655,Cthrine,Dyett,4625956706,cdyetti6@chron.com,7
656,Bernardine,Mace,6410943105,bmacei7@theatlantic.com,7
657,Elvira,Piscopello,9325762056,episcopelloi8@woothemes.com,7
658,Mimi,Ianitti,1565919289,mianittii9@google.com,7
659,Ludovico,Ismail,8886471386,lismailia@miitbeian.gov.cn,7
660,Randene,Mathissen,5164269945,rmathissenib@blogtalkradio.com,7
661,Lorry,Sutterby,6592450789,lsutterbyic@weibo.com,7
662,Isabelita,Pendall,5274967493,ipendallid@chicagotribune.com,7
663,Trueman,Evamy,0413266192,tevamyie@pbs.org,7
664,Ginevra,Charters,0845035142,gchartersif@google.ru,7
665,Natalie,Pickavance,0768351715,npickavanceig@goo.gl,7
666,Danyelle,Jearum,3900863229,djearumih@xing.com,7
667,Candra,Scurry,8384766851,cscurryii@stanford.edu,7
668,Krystyna,Mansfield,3699205207,kmansfieldij@simplemachines.org,7
669,Adam,Dudman,5429634530,adudmanik@ning.com,7
670,Ricard,Farherty,6558598671,rfarhertyil@pinterest.com,7
671,Padgett,Sturte,4342053020,psturteim@arizona.edu,7
672,Aubrette,Ostrich,6924139345,aostrichin@usatoday.com,7
673,Silvanus,Crocken,2357668466,scrockenio@gizmodo.com,7
674,Gerry,Moulder,5365191811,gmoulderip@wordpress.com,7
675,Valida,Summerly,7758108946,vsummerlyiq@msu.edu,7
676,Siusan,Twine,5868112504,stwineir@adobe.com,7
677,Gisella,Hartburn,9473177976,ghartburnis@npr.org,7
678,Jayson,Le Gallo,5472324726,jlegalloit@google.com.hk,7
679,Jermaine,Mardlin,2250011834,jmardliniu@chicagotribune.com,7
680,Philbert,Jaime,8891510157,pjaimeiv@over-blog.com,7
681,Dulciana,Dalinder,2596454211,ddalinderiw@live.com,7
682,Krystalle,Ipwell,8929892280,kipwellix@flavors.me,7
683,Blisse,Hatry,1695627156,bhatryiy@japanpost.jp,7
684,Zaria,Witt,2102612406,zwittiz@goo.ne.jp,7
685,Vasilis,Press,7405296734,vpressj0@over-blog.com,7
686,George,Ginnelly,3405482828,gginnellyj1@themeforest.net,7
687,Joane,Kuhne,3483010033,jkuhnej2@paginegialle.it,7
688,Cathi,Pengelly,6947750245,cpengellyj3@examiner.com,7
689,Reg,Vasey,3253682986,rvaseyj4@imageshack.us,7
690,Trescha,Brogioni,2872943579,tbrogionij5@wisc.edu,7
691,Rolando,Siley,0560285442,rsileyj6@baidu.com,7
692,Anselm,Swindle,5401284179,aswindlej7@altervista.org,7
693,Coriss,Magarrell,4005784852,cmagarrellj8@bloglovin.com,7
694,Amelie,Grosvener,3301206298,agrosvenerj9@bloglines.com,7
695,Dotti,Seman,3060789177,dsemanja@joomla.org,7
696,Jaclyn,Beveredge,9310644931,jbeveredgejb@163.com,7
697,Kessia,Pettyfar,3402939649,kpettyfarjc@gov.uk,7
698,Staci,Platt,2263860576,splattjd@examiner.com,7
699,Georg,Hanton,0390927880,ghantonje@economist.com,7
700,Elinor,Gullam,4961661171,egullamjf@china.com.cn,7
701,Antonin,Reynoldson,9874704896,areynoldsonjg@state.gov,7
702,Indira,Betchley,8182253489,ibetchleyjh@sun.com,7
703,Akim,Lewendon,4372005180,alewendonji@pagesperso-orange.fr,7
704,Maddy,Lippiett,6433868371,mlippiettjj@techcrunch.com,7
705,Barry,Caban,5165525864,bcabanjk@kickstarter.com,7
706,Chlo,Thom,3799382259,cthomjl@webeden.co.uk,7
707,Audie,Jarrard,0621195782,ajarrardjm@gnu.org,7
708,Toby,Brosetti,8571252122,tbrosettijn@addtoany.com,7
709,Barnaby,Ceeley,0858411490,bceeleyjo@jugem.jp,7
710,Quincy,Hegges,4185441207,qheggesjp@booking.com,7
711,Nikolia,Camelin,5012606825,ncamelinjq@toplist.cz,7
712,Celesta,Benini,1199556920,cbeninijr@miitbeian.gov.cn,7
713,Tobin,Gowrie,2527738478,tgowriejs@prlog.org,7
714,Vaughan,Colbron,6327877605,vcolbronjt@army.mil,7
715,Reena,Oldroyde,3726448292,roldroydeju@vistaprint.com,7
716,Turner,Condict,6279091449,tcondictjv@techcrunch.com,7
717,Shanda,Garling,9344280495,sgarlingjw@unicef.org,7
718,Udell,Hinchshaw,7390958537,uhinchshawjx@ezinearticles.com,7
719,Linoel,Robbey,5664592079,lrobbeyjy@qq.com,7
720,Harald,Mille,8739558096,hmillejz@joomla.org,7
721,Celene,Spilstead,8087106113,cspilsteadk0@weebly.com,7
722,Ricky,Filisov,7181458434,rfilisovk1@pinterest.com,7
723,Ingamar,Jendrach,3265275825,ijendrachk2@ucoz.ru,7
724,Guglielmo,Storrock,4477717407,gstorrockk3@etsy.com,7
725,Rivkah,Labbez,7059713034,rlabbezk4@foxnews.com,7
726,Laurie,Andrin,9108136874,landrink5@cocolog-nifty.com,7
727,Persis,Sloat,1399369237,psloatk6@dyndns.org,7
728,Jonah,MacCarroll,9568179267,jmaccarrollk7@yelp.com,7
729,Idell,Ghiotto,7989756943,ighiottok8@ameblo.jp,7
730,Bentley,Hefforde,9494473256,bheffordek9@mapy.cz,7
731,Clerc,Boyett,0617516499,cboyettka@so-net.ne.jp,7
732,Sibbie,Chaize,8923762342,schaizekb@cdbaby.com,7
733,Zsa zsa,Soppett,5999326168,zsoppettkc@nsw.gov.au,7
734,Kesley,Gosnoll,5171289085,kgosnollkd@edublogs.org,7
735,Jaymee,Lowder,0419082506,jlowderke@networkadvertising.org,7
736,Karalee,Lively,6277827723,klivelykf@cam.ac.uk,7
737,Tilda,Hurdedge,2263516174,thurdedgekg@diigo.com,7
738,Jerrilee,McGuane,9614073888,jmcguanekh@stumbleupon.com,7
739,Cheri,Erangey,7994571433,cerangeyki@wunderground.com,7
740,Julina,Clemitt,6380748954,jclemittkj@ucsd.edu,7
741,Emilia,Cardus,0772367728,ecarduskk@whitehouse.gov,7
742,Hattie,Rechert,2073010083,hrechertkl@naver.com,7
743,Sallie,Willcox,4804259708,swillcoxkm@epa.gov,7
744,Amos,Bolan,1528297776,abolankn@tinyurl.com,7
745,Zorana,Iiannone,3411930616,ziiannoneko@liveinternet.ru,7
746,Sylvester,Cruikshank,2501833732,scruikshankkp@delicious.com,7
747,Ellis,Brambley,6786203272,ebrambleykq@pen.io,7
748,Donelle,Rothera,3377128697,drotherakr@ning.com,7
749,Karoline,Rohlfing,4169119894,krohlfingks@blogs.com,7
750,Karena,Attersoll,6028566772,kattersollkt@vinaora.com,7
751,Romola,Meynell,4637208386,rmeynellku@engadget.com,7
752,Tore,Dillow,7411961760,tdillowkv@ebay.co.uk,7
753,Sammie,Delleschi,6177773990,sdelleschikw@devhub.com,7
754,Ibrahim,Morcomb,5073449886,imorcombkx@ning.com,7
755,Emery,Holdey,0521967120,eholdeyky@eepurl.com,7
756,Ardith,Whitemarsh,8813858752,awhitemarshkz@tripod.com,7
757,Caye,Corneljes,0204857988,ccorneljesl0@weather.com,7
758,Nichole,Brodley,1493477617,nbrodleyl1@ustream.tv,7
759,Ogdon,Phelan,6762056865,ophelanl2@earthlink.net,7
760,Lyon,Kirsopp,8456983578,lkirsoppl3@bbc.co.uk,7
761,Valentina,Laffoley-Lane,0432967354,vlaffoleylanel4@jiathis.com,7
762,Ofilia,Larratt,9252800212,olarrattl5@state.tx.us,7
763,Carlynne,Keaton,9168667620,ckeatonl6@whitehouse.gov,7
764,Germana,Koubek,7290971531,gkoubekl7@miitbeian.gov.cn,7
765,Annette,Maffeo,5189783227,amaffeol8@reddit.com,7
766,Nataline,Gapper,1686162669,ngapperl9@goo.gl,7
767,Vinita,McClancy,7715664014,vmcclancyla@unesco.org,7
768,Anissa,Feaveer,3697230255,afeaveerlb@noaa.gov,7
769,Erena,O'Crevy,7644555471,eocrevylc@biblegateway.com,7
770,Briny,De Ath,4443967060,bdeathld@patch.com,7
771,Anderea,Brundale,3071368461,abrundalele@goo.ne.jp,7
772,Teena,Dabner,0445557052,tdabnerlf@addtoany.com,7
773,Abba,Docket,5218106607,adocketlg@ucla.edu,7
774,Dud,Legging,7450413582,dlegginglh@usatoday.com,7
775,Ambrose,Dashwood,9238470669,adashwoodli@joomla.org,7
776,Loni,Beat,4393932072,lbeatlj@goodreads.com,7
777,Kimberli,Holligan,5757671424,kholliganlk@angelfire.com,7
778,Randie,North,2641049317,rnorthll@ucla.edu,7
779,Jarid,Goreway,6013996199,jgorewaylm@barnesandnoble.com,7
780,Clari,Gillbee,2333554258,cgillbeeln@feedburner.com,7
781,Orsa,Vedeniktov,7066618025,ovedeniktovlo@vinaora.com,7
782,Tiertza,Saffer,2652766945,tsafferlp@ebay.co.uk,7
783,Harmonia,Ribeiro,3227839261,hribeirolq@blogger.com,7
784,Donnell,Keunemann,6965212942,dkeunemannlr@yale.edu,7
785,Janetta,Farahar,0811191168,jfaraharls@biblegateway.com,7
786,Brianna,Dumbrill,5526463303,bdumbrilllt@technorati.com,7
787,Glenine,Josofovitz,7655986517,gjosofovitzlu@earthlink.net,7
788,Carlota,Stirzaker,0338117563,cstirzakerlv@mozilla.com,7
789,Mellisa,Arnason,9534262633,marnasonlw@amazon.com,7
790,Nickolaus,Glandon,7065769550,nglandonlx@altervista.org,7
791,Erinna,Hitzke,8715829073,ehitzkely@ow.ly,7
792,Dorine,Achromov,9910841150,dachromovlz@sakura.ne.jp,7
793,Ginnie,Buckhurst,7097748931,gbuckhurstm0@cdbaby.com,7
794,Idelle,Ryding,0197165710,irydingm1@godaddy.com,7
795,Joyce,Hryniewicz,2934999181,jhryniewiczm2@storify.com,7
796,Rick,Gretton,8993170681,rgrettonm3@geocities.com,7
797,Keriann,McMenamin,7750065903,kmcmenaminm4@so-net.ne.jp,7
798,Godwin,Fountain,8346808879,gfountainm5@theatlantic.com,7
799,Idaline,Crosscombe,8398332158,icrosscombem6@cbc.ca,7
800,Elwira,Vayne,5957880949,evaynem7@businesswire.com,7
801,Solomon,Snap,3257347200,ssnapm8@epa.gov,7
802,Brett,Vasichev,6634633746,bvasichevm9@weather.com,7
803,Anders,Pitrelli,8765653726,apitrellima@jimdo.com,7
804,Greer,Scad,1588231224,gscadmb@google.pl,7
805,Carl,Espinal,4815116830,cespinalmc@angelfire.com,7
806,Shandeigh,Meffan,4588902725,smeffanmd@mozilla.org,7
807,Zandra,Parradice,8279278427,zparradiceme@vk.com,7
808,Kelbee,Flacke,6993641852,kflackemf@nymag.com,7
809,Joanna,Ghio,7122152014,jghiomg@japanpost.jp,7
810,Myles,Luckett,4842582804,mluckettmh@msn.com,7
811,Kessiah,Gladdish,3329039906,kgladdishmi@shutterfly.com,7
812,Ula,Satch,3060019525,usatchmj@storify.com,7
813,Elisha,Hargate,8124399263,ehargatemk@printfriendly.com,7
814,Maynord,Bowen,3499272148,mbowenml@livejournal.com,7
815,Jayme,Battabee,4611830780,jbattabeemm@ycombinator.com,7
816,Wakefield,Cottill,0855309733,wcottillmn@ed.gov,7
817,Emmey,Airy,1677812842,eairymo@utexas.edu,7
818,Phillipe,Halvorsen,4789069656,phalvorsenmp@stanford.edu,7
819,Carma,Binley,1359915303,cbinleymq@sakura.ne.jp,7
820,Huntley,Baskerville,5018244259,hbaskervillemr@quantcast.com,7
821,Shelton,Lavers,7299393204,slaversms@google.fr,7
822,Granthem,Gawkroge,6711570146,ggawkrogemt@bloomberg.com,7
823,Abbey,MacSwayde,5985802183,amacswaydemu@e-recht24.de,7
824,Candi,Itzkov,2097365930,citzkovmv@desdev.cn,7
825,Gare,Shorey,9241424443,gshoreymw@businessweek.com,7
826,Micah,Cogdell,4769878354,mcogdellmx@va.gov,7
827,Trescha,Blogg,5330262682,tbloggmy@technorati.com,7
828,Myrle,Drillingcourt,3118895691,mdrillingcourtmz@soundcloud.com,7
829,Elroy,Murcutt,3012619909,emurcuttn0@google.it,7
830,Rick,Spitaro,7267674372,rspitaron1@telegraph.co.uk,7
831,Blinni,Cuss,6853719123,bcussn2@mayoclinic.com,7
832,Wiley,Kettles,5601307601,wkettlesn3@fema.gov,7
833,Ondrea,Birdsall,3007993229,obirdsalln4@marketwatch.com,7
834,Edythe,Golledge,4514445258,egolledgen5@statcounter.com,7
835,Gayle,Astbury,9835562741,gastburyn6@house.gov,7
836,Misty,Skehan,1881569101,mskehann7@webs.com,7
837,Broderick,Doers,5850114882,bdoersn8@intel.com,7
838,Carilyn,Karlsen,4784719199,ckarlsenn9@hostgator.com,7
839,Vanya,Ridgeway,7707581938,vridgewayna@tripod.com,7
840,Earle,Waadenburg,7266772931,ewaadenburgnb@princeton.edu,7
841,Art,Godding,9321235647,agoddingnc@webeden.co.uk,7
842,Benita,Doull,2080993917,bdoullnd@npr.org,7
843,Pauletta,Hackleton,0041348850,phackletonne@g.co,7
844,Salvidor,Freke,1782519564,sfrekenf@sciencedirect.com,7
845,Lennie,Balkwill,2515551564,lbalkwillng@tuttocitta.it,7
846,Decca,Champneys,3523080045,dchampneysnh@va.gov,7
847,Mariquilla,Birtwell,3429132711,mbirtwellni@hubpages.com,7
848,Teodoor,Kollach,5523293539,tkollachnj@shareasale.com,7
849,Grantley,Aulsford,6400597581,gaulsfordnk@newsvine.com,7
850,Dixie,Tomaszczyk,1842988468,dtomaszczyknl@sphinn.com,7
851,Margalo,Bramont,5536104365,mbramontnm@usa.gov,7
852,Randell,Doddemeade,3890442471,rdoddemeadenn@geocities.com,7
853,Aurore,Pickerin,4958839577,apickerinno@dailymotion.com,7
854,Koralle,Lockhart,3125561655,klockhartnp@ted.com,7
855,Alethea,Klein,5526480607,akleinnq@a8.net,7
856,Arabela,Eunson,8004119387,aeunsonnr@arstechnica.com,7
857,Brant,Keppy,8675099800,bkeppyns@taobao.com,7
858,Rebecca,Shoebrook,1169954669,rshoebrooknt@weibo.com,7
859,Natal,Lumby,6132142533,nlumbynu@msn.com,7
860,Faydra,Maudson,8112935483,fmaudsonnv@ehow.com,7
861,Paulette,Welsh,4091815898,pwelshnw@wufoo.com,7
862,Tootsie,Sargent,2239043067,tsargentnx@mapy.cz,7
863,Anthea,O'Doherty,0699074819,aodohertyny@creativecommons.org,7
864,Riordan,Reddecliffe,0991705211,rreddecliffenz@qq.com,7
865,Georgeanna,Comettoi,8550373788,gcomettoio0@bbb.org,7
866,Edgard,Feitosa,2354726074,efeitosao1@ihg.com,7
867,Trudi,Lamberton,8658369226,tlambertono2@clickbank.net,7
868,Mickie,Hanning,4200786478,mhanningo3@icio.us,7
869,Karlik,Flaxon,8061105837,kflaxono4@reverbnation.com,7
870,Levon,Boc,5545325964,lboco5@vinaora.com,7
871,Livvie,Eberst,8221383066,lebersto6@latimes.com,7
872,Sabine,Kunzel,3130674810,skunzelo7@imgur.com,7
873,Glori,Spurrier,2943167800,gspurriero8@plala.or.jp,7
874,Clem,Stellman,5749656551,cstellmano9@multiply.com,7
875,Bard,Zeplin,6991300802,bzeplinoa@eepurl.com,7
876,Rhona,Puvia,4726291068,rpuviaob@disqus.com,7
877,Miranda,Keneford,6745399881,mkenefordoc@diigo.com,7
878,Robers,Huxley,2405362430,rhuxleyod@deviantart.com,7
879,Theo,Sisselot,0557791111,tsisselotoe@europa.eu,7
880,Tyrone,Benediktovich,3333926172,tbenediktovichof@infoseek.co.jp,7
881,Bourke,Gaiford,7990618508,bgaifordog@dyndns.org,7
882,Raddie,Lenard,5543490852,rlenardoh@state.gov,7
883,Lavina,Cartwright,4439252842,lcartwrightoi@google.ru,7
884,Hedwiga,Briand,0829246010,hbriandoj@mashable.com,7
885,Donnajean,Michell,8834630920,dmichellok@jugem.jp,7
886,Yorgo,Cawdron,2322140031,ycawdronol@icq.com,7
887,Gran,Fennelly,7311279666,gfennellyom@fotki.com,7
888,Sibyl,Folger,0109382676,sfolgeron@mysql.com,7
889,Odey,Brasner,3963449934,obrasneroo@usda.gov,7
890,Heath,Dooman,5236148634,hdoomanop@oracle.com,7
891,Christin,Verity,4831805548,cverityoq@addtoany.com,7
892,Kalle,Tuting,0989129632,ktutingor@feedburner.com,7
893,Coral,Haps,6554400036,chapsos@fema.gov,7
894,Tailor,Yitshak,5983834398,tyitshakot@eepurl.com,7
895,Brocky,Feenan,6365864272,bfeenanou@ustream.tv,7
896,Fara,Staniford,7726564296,fstanifordov@mit.edu,7
897,Geordie,Potzold,2686340142,gpotzoldow@ning.com,7
898,Alli,Grishakov,1369718292,agrishakovox@ibm.com,7
899,Rhetta,Headings,5975835747,rheadingsoy@guardian.co.uk,7
900,Humfrid,Donizeau,2369187093,hdonizeauoz@tinypic.com,7
901,Cornelle,Ragge,5942600368,craggep0@cnn.com,7
902,Merle,Aubery,3095234937,mauberyp1@rambler.ru,7
903,Ricardo,Shreenan,7570867513,rshreenanp2@nationalgeographic.com,7
904,Jerry,Fuge,5428247886,jfugep3@liveinternet.ru,7
905,Trish,Fullalove,7250824872,tfullalovep4@drupal.org,7
906,Welch,Kiraly,5648746784,wkiralyp5@acquirethisname.com,7
907,Minnie,Bawme,8671215997,mbawmep6@printfriendly.com,7
908,Tawsha,Gadault,8937182742,tgadaultp7@prlog.org,7
909,Moshe,Grayham,7231867421,mgrayhamp8@t-online.de,7
910,Barbe,Belch,7021388497,bbelchp9@scribd.com,7
911,Sollie,Probet,9875409588,sprobetpa@columbia.edu,7
912,Leland,Snazel,5118720222,lsnazelpb@blogtalkradio.com,7
913,Karlee,Tamlett,8201127889,ktamlettpc@netlog.com,7
914,Moe,Conwell,4357280613,mconwellpd@cmu.edu,7
915,Susy,Capell,7855629319,scapellpe@mashable.com,7
916,Florence,Lys,8380586409,flyspf@drupal.org,7
917,Myrta,Udey,1233890557,mudeypg@woothemes.com,7
918,Ree,Hounsome,3397384702,rhounsomeph@time.com,7
919,Persis,Pettus,3257375573,ppettuspi@nationalgeographic.com,7
920,Marissa,Vicarey,9728830319,mvicareypj@ameblo.jp,7
921,Michal,McRamsey,0166571318,mmcramseypk@topsy.com,7
922,Allayne,Soanes,9993790508,asoanespl@sina.com.cn,7
923,Gigi,Santorini,3652458265,gsantorinipm@businessinsider.com,7
924,Andy,Scurry,3056464412,ascurrypn@parallels.com,7
925,Philbert,Farnham,4101455430,pfarnhampo@biblegateway.com,7
926,Beitris,Donnelly,5070661590,bdonnellypp@simplemachines.org,7
927,Anstice,Callar,7506572168,acallarpq@wikipedia.org,7
928,Man,Tidbold,3415412407,mtidboldpr@cmu.edu,7
929,Gilli,Danick,8946685808,gdanickps@behance.net,7
930,Sal,Ledster,2722179598,sledsterpt@spotify.com,7
931,Nicolea,Breward,9807467810,nbrewardpu@geocities.jp,7
932,Witty,Fosse,7301639937,wfossepv@webmd.com,7
933,Emelina,Patrone,0716928353,epatronepw@wix.com,7
934,Marya,Teaz,4655412437,mteazpx@sun.com,7
935,Adoree,Bick,5033714880,abickpy@un.org,7
936,Chance,Rudolfer,2670742785,crudolferpz@utexas.edu,7
937,Malory,Sprionghall,4495553704,msprionghallq0@wikimedia.org,7
938,Fleur,Ibel,4003038258,fibelq1@alexa.com,7
939,Euell,Benka,9910751119,ebenkaq2@mayoclinic.com,7
940,Paige,Jorden,3748523602,pjordenq3@yahoo.com,7
941,Isidro,Levis,3032762472,ilevisq4@51.la,7
942,Kendricks,Lippitt,9442434217,klippittq5@odnoklassniki.ru,7
943,Mead,Cumpton,0107932814,mcumptonq6@columbia.edu,7
944,Sutton,Gottschalk,3457903662,sgottschalkq7@plala.or.jp,7
945,Leta,Buessen,5563963268,lbuessenq8@etsy.com,7
946,Llewellyn,Bristo,4477410972,lbristoq9@mit.edu,7
947,Ethelin,Kelemen,8257615226,ekelemenqa@alibaba.com,7
948,Haskell,Barcroft,5809553060,hbarcroftqb@typepad.com,7
949,Dorelia,Virgo,7152447705,dvirgoqc@bigcartel.com,7
950,Bette-ann,Astley,9200940064,bastleyqd@cocolog-nifty.com,7
951,Horst,Tuther,9378740359,htutherqe@smugmug.com,7
952,Janella,Hof,3672815683,jhofqf@answers.com,7
953,Kalinda,Deluca,4036846981,kdelucaqg@angelfire.com,7
954,Deborah,Mitchall,1935915568,dmitchallqh@sun.com,7
955,Crawford,Kryszkiecicz,2559989883,ckryszkieciczqi@hugedomains.com,7
956,Ephrayim,Sandyfirth,1115603825,esandyfirthqj@linkedin.com,7
957,Godwin,Woolley,1823263690,gwoolleyqk@statcounter.com,7
958,Leodora,Kearney,4955758398,lkearneyql@apache.org,7
959,Kerwinn,Readie,3855938660,kreadieqm@usnews.com,7
960,Beatriz,Pacheco,4293187758,bpachecoqn@answers.com,7
961,Deny,Cracoe,6537996597,dcracoeqo@cargocollective.com,7
962,Mel,Cowins,0812903706,mcowinsqp@jalbum.net,7
963,Sonni,Surr,7369714942,ssurrqq@businessinsider.com,7
964,Goraud,Turtle,2811669035,gturtleqr@fastcompany.com,7
965,Chiquita,Lackham,5647765343,clackhamqs@google.cn,7
966,Hynda,Kenway,4014059200,hkenwayqt@blinklist.com,7
967,Katherina,Avrahm,4542882713,kavrahmqu@bloglovin.com,7
968,Jerrie,Egle of Germany,7898451619,jegleofgermanyqv@ox.ac.uk,7
969,Jane,Wimsett,5985781259,jwimsettqw@ucsd.edu,7
970,Sherwin,Beccera,2831420121,sbecceraqx@aol.com,7
971,Matt,Gott,2474197982,mgottqy@amazon.co.jp,7
972,Jenn,Lindenfeld,6823778326,jlindenfeldqz@youtu.be,7
973,Genevieve,Fridd,3704142492,gfriddr0@go.com,7
974,Auroora,Rye,8225019962,aryer1@canalblog.com,7
975,Alexandr,Streater,0272330094,astreaterr2@fema.gov,7
976,Caro,Pesic,9183785752,cpesicr3@scribd.com,7
977,Charlotta,Argent,5610109477,cargentr4@lycos.com,7
978,Rebekah,Vine,8340123637,rviner5@hhs.gov,7
979,Wakefield,Beel,4343237966,wbeelr6@alexa.com,7
980,Josiah,Billinge,1039287166,jbillinger7@eepurl.com,7
981,Colline,Cleugher,7147450647,ccleugherr8@gov.uk,7
982,Wilbert,Dewberry,6435904758,wdewberryr9@ihg.com,7
983,Wit,Georgius,5814871431,wgeorgiusra@redcross.org,7
984,Shelby,Teaze,3192435348,steazerb@trellian.com,7
985,Nealson,Karolowski,2096424569,nkarolowskirc@instagram.com,7
986,Genia,Greenham,1543427960,ggreenhamrd@scribd.com,7
987,Hortense,Gant,9871275773,hgantre@homestead.com,7
988,Felipe,Cuningham,6821252556,fcuninghamrf@army.mil,7
989,Pennie,Ibbison,7073797045,pibbisonrg@psu.edu,7
990,Sherry,Noel,8330582191,snoelrh@businessinsider.com,7
991,Bryan,Darrigone,7933597211,bdarrigoneri@yelp.com,7
992,Lenna,Sandyfirth,1327914875,lsandyfirthrj@flavors.me,7
993,Kassey,Khrishtafovich,6792139335,kkhrishtafovichrk@livejournal.com,7
994,Petronilla,Eddoes,7977706490,peddoesrl@uiuc.edu,7
995,Phillipp,Smithson,5622601924,psmithsonrm@flavors.me,7
996,Kendrick,Houlson,2581648791,khoulsonrn@imdb.com,7
997,Dorelia,Cazereau,9878282724,dcazereauro@chicagotribune.com,7
998,Chandal,Hales,3977558277,chalesrp@time.com,7
999,Hallie,Swynley,9111749717,hswynleyrq@microsoft.com,7
1000,Miriam,Jaulme,5525903245,mjaulmerr@mediafire.com,7
